Survived,Sex,Age,Fare,EmbarkedC,EmbarkedQ,EmbarkedS,Pclass1,Pclass2,Pclass3
0,1,-0.532729769742441,-0.5002397510893574,0,0,1,0,0,1
1,0,0.6736614352108535,0.788946607905507,1,0,0,1,0,0
1,0,-0.23113196850411744,-0.48664993466069395,0,0,1,0,0,1
1,0,0.4474630842821108,0.4228611129909654,0,0,1,1,0,0
0,1,0.4474630842821108,-0.4841333019887193,0,0,1,0,0,1
0,1,-0.30653141881369833,-0.47591297302898106,0,1,0,0,0,1
0,1,1.8800526401641482,0.39794644953841574,0,0,1,1,0,0
0,1,-2.0407187759340593,-0.22190017756895475,0,0,1,0,0,1
1,0,-0.1557325181945365,-0.4220570338487224,0,0,1,0,0,1
1,0,-1.1359253722190883,-0.040787184044554156,1,0,0,0,1,0
1,0,-1.8899198753148976,-0.3099823210880695,0,0,1,0,0,1
1,0,2.1816504414024718,-0.11167166653646252,0,0,1,1,0,0
0,1,-0.6835286703616029,-0.4841333019887193,0,0,1,0,0,1
0,1,0.7490608855204345,-0.016542951535818605,0,0,1,0,0,1
0,0,-1.1359253722190883,-0.4880753554061005,0,0,1,0,0,1
1,0,1.955452090473729,-0.32407546405112786,0,0,1,0,1,0
0,1,-2.0407187759340593,-0.05982903349378355,0,1,0,0,0,1
1,1,0.07046583273420623,-0.38447464817852084,0,0,1,0,1,0
0,0,0.14586528304378713,-0.28380934129953256,0,0,1,0,0,1
1,0,-0.5704294948972315,-0.5007430776237524,1,0,0,0,0,1
0,1,0.4474630842821108,-0.12274485029315124,0,0,1,0,1,0
1,1,0.3720636339725299,-0.38447464817852084,0,0,1,0,1,0
1,0,-1.0605259219095076,-0.48455206966533587,0,1,0,0,0,1
1,1,-0.0803330678849556,0.06851923277692655,0,0,1,1,0,0
0,0,-1.5883220740765738,-0.22190017756895475,0,0,1,0,0,1
1,0,0.6736614352108535,-0.014277982131041355,0,0,1,0,0,1
0,1,-0.30653141881369833,-0.5007430776237524,1,0,0,0,0,1
0,1,-0.7589281206711838,4.648790695770894,0,0,1,1,0,0
1,0,-0.5704294948972315,-0.4875720288717055,0,1,0,0,0,1
0,1,-0.30653141881369833,-0.48723782005286725,0,0,1,0,0,1
0,1,0.8244603358300153,-0.08809987827767862,1,0,0,1,0,0
1,0,0.4474630842821108,2.3037078131670836,1,0,0,1,0,0
1,0,-0.5704294948972315,-0.49017322040145855,0,1,0,0,0,1
0,1,2.7848460438791194,-0.434807301618015,0,0,1,0,1,0
0,1,-0.0803330678849556,1.008145313634504,1,0,0,1,0,0
0,1,0.9752592364491772,0.40071474547758795,0,0,1,1,0,0
1,1,-0.30653141881369833,-0.500658518765974,1,0,0,0,0,1
0,1,-0.608129220052022,-0.4841333019887193,0,0,1,0,0,1
0,0,-0.8343275709807647,-0.28380934129953256,0,0,1,0,0,1
1,0,-1.1359253722190883,-0.41987460999558585,1,0,0,0,0,1
0,0,0.8244603358300153,-0.4554436895282076,0,0,1,0,0,1
0,0,-0.1557325181945365,-0.22341015717213955,0,0,1,0,1,0
0,1,-0.30653141881369833,-0.48723782005286725,1,0,0,0,0,1
1,0,-1.9653193256244783,0.1909121394926757,1,0,0,0,1,0
1,0,-0.7589281206711838,-0.4875720288717055,0,1,0,0,0,1
0,1,-0.30653141881369833,-0.4841333019887193,0,0,1,0,0,1
0,1,-0.30653141881369833,-0.33414199473902667,0,1,0,0,0,1
1,0,-0.5704294948972315,-0.49017322040145855,0,1,0,0,0,1
0,1,-0.30653141881369833,-0.20973578188569775,1,0,0,0,0,1
0,0,-0.8343275709807647,-0.28783595357469205,0,0,1,0,0,1
0,1,-1.6637215243861547,0.15282642728807924,0,0,1,0,0,1
0,1,-0.608129220052022,-0.48916656733266867,0,0,1,0,0,1
1,0,1.5030553886162437,0.8985892468519636,1,0,0,1,0,0
1,0,-0.004933617575374686,-0.12274485029315124,0,0,1,0,1,0
0,1,2.709446593569538,0.6016265915589479,1,0,0,1,0,0
1,1,0.8244603358300153,0.06851923277692655,0,0,1,1,0,0
1,0,-0.608129220052022,-0.434807301618015,0,0,1,0,1,0
0,1,-0.04263334273016514,-0.500658518765974,1,0,0,0,0,1
1,0,-1.8145204250053166,-0.08751199288550533,0,0,1,0,1,0
0,1,-1.3621237231478311,0.29803613246101984,0,0,1,0,0,1
0,1,-0.532729769742441,-0.500658518765974,1,0,0,0,0,1
0,1,1.2014575873779199,1.0344028522808193,0,0,1,1,0,0
0,1,-1.8899198753148976,-0.08449203367913571,0,0,1,0,0,1
0,1,0.8244603358300153,-0.08809987827767862,1,0,0,1,0,0
1,1,-0.30653141881369833,-0.33925981894075447,1,0,0,0,0,1
1,0,-0.004933617575374686,-0.434807301618015,0,0,1,0,1,0
0,1,-0.7589281206711838,-0.4819528914417204,0,0,1,0,0,1
1,0,-0.9097270212903457,-0.48664993466069395,0,0,1,0,0,1
0,1,-0.23113196850411744,-0.4718018018960432,0,0,1,0,0,1
0,1,0.22126473335336805,-0.434807301618015,0,0,1,0,1,0
0,0,-0.9851264715999265,0.29803613246101984,0,0,1,0,0,1
0,1,-0.608129220052022,0.8335755650572377,0,0,1,0,1,0
0,1,-0.23113196850411744,-0.3551971503258359,1,0,0,0,0,1
1,1,0.22126473335336805,0.4912289628108992,0,0,1,0,0,1
0,1,-0.30653141881369833,-0.4921865265390384,0,0,1,0,0,1
0,1,-0.30653141881369833,-0.48723782005286725,0,0,1,0,0,1
0,1,-0.30653141881369833,-0.4841333019887193,0,0,1,0,0,1
1,1,-2.128936132796269,-0.06234566616575826,0,0,1,0,1,0
1,0,0.07046583273420623,-0.3950445054008146,0,0,1,0,0,1
0,1,-0.532729769742441,-0.4650068936817115,0,0,1,0,0,1
1,1,-0.004933617575374686,-0.4549403629938127,0,0,1,0,0,1
1,0,-0.5704294948972315,-0.4894182305998661,0,1,0,0,0,1
0,1,-0.0803330678849556,0.30206274473617944,0,0,1,1,0,0
1,0,-0.9097270212903457,-0.434807301618015,0,0,1,0,1,0
1,0,0.29666418366294894,-0.32709542325749746,0,0,1,0,0,1
0,1,-0.9851264715999265,0.045869538729154176,0,0,1,0,0,1
0,1,-0.30653141881369833,-0.4841333019887193,0,0,1,0,0,1
1,0,-0.4573303194328602,4.648790695770894,0,0,1,1,0,0
0,1,-0.3819308691232792,-0.4841333019887193,0,0,1,0,0,1
0,1,-0.004933617575374686,-0.4841333019887193,0,0,1,0,0,1
0,1,-0.6835286703616029,-0.4880753554061005,0,0,1,0,0,1
0,1,1.2768570376875008,0.5854355836005315,0,0,1,1,0,0
0,1,-0.23113196850411744,-0.2319667082568536,0,0,1,0,0,1
0,1,2.2570498917120525,-0.5002397510893574,0,0,1,0,0,1
0,1,-0.30653141881369833,-0.4841333019887193,0,0,1,0,0,1
0,1,3.161843295427024,0.05149068946527694,1,0,0,1,0,0
1,1,-0.4573303194328602,0.6293920965023105,1,0,0,1,0,0
1,0,0.3720636339725299,-0.18314403442054422,0,0,1,0,1,0
0,1,0.3720636339725299,-0.12274485029315124,0,0,1,0,1,0
0,0,-0.0803330678849556,-0.48723782005286725,0,0,1,0,0,1
0,1,-0.30653141881369833,-0.48723782005286725,0,0,1,0,0,1
0,1,-0.608129220052022,0.9098295350180712,0,0,1,1,0,0
0,1,0.29666418366294894,-0.47196890630546234,0,0,1,0,0,1
0,1,0.5982619849012726,-0.48664993466069395,0,0,1,0,0,1
0,1,-0.0803330678849556,-0.48723782005286725,0,0,1,0,0,1
1,0,-0.608129220052022,-0.4921865265390384,0,0,1,0,0,1
1,1,-0.30653141881369833,-0.48966989386706367,0,0,1,0,0,1
0,1,0.6736614352108535,-0.48723782005286725,0,0,1,0,0,1
1,0,-0.5704294948972315,-0.15999101383837694,0,1,0,0,0,1
0,1,1.3522564879970818,0.40071474547758795,0,0,1,1,0,0
0,0,-1.098225647064298,-0.3551971503258359,1,0,0,0,0,1
0,1,-0.532729769742441,-0.4841333019887193,0,0,1,0,0,1
0,0,-0.6835286703616029,-0.4483971180466784,0,0,1,0,0,1
0,0,-0.9097270212903457,-0.3551146047741951,1,0,0,0,0,1
0,1,-0.608129220052022,-0.48664993466069395,0,0,1,0,0,1
0,1,3.1241435702722335,-0.49017322040145855,0,1,0,0,0,1
0,1,-0.004933617575374686,-0.22341015717213955,0,0,1,0,1,0
0,1,-0.3819308691232792,4.337147012122648,1,0,0,1,0,0
0,0,-2.0407187759340593,-0.016542951535818605,0,0,1,0,0,1
0,1,-0.608129220052022,0.8335755650572377,0,0,1,0,1,0
0,1,-0.30653141881369833,-0.4841333019887193,0,0,1,0,0,1
0,1,0.2589644585081585,-0.040787184044554156,1,0,0,0,1,0
1,0,0.2589644585081585,-0.38447464817852084,0,0,1,0,1,0
0,1,1.8800526401641482,0.9098295350180712,0,0,1,1,0,0
1,1,-1.2867242728382502,-0.41987460999558585,1,0,0,0,0,1
0,1,-0.30653141881369833,-0.49017322040145855,0,1,0,0,0,1
1,1,-0.3819308691232792,-0.5024201616363563,0,0,1,0,0,1
1,0,-0.5704294948972315,-0.19606341990539358,1,0,0,0,0,1
0,1,1.2014575873779199,-0.5057763429677017,0,0,1,0,0,1
0,1,0.29666418366294894,-0.48723782005286725,1,0,0,0,0,1
0,1,-0.6835286703616029,-0.5042663633645169,0,0,1,0,0,1
0,0,1.3522564879970818,-0.35427505611482435,0,0,1,0,0,1
1,0,-0.004933617575374686,-0.12274485029315124,0,0,1,0,1,0
0,1,-0.30653141881369833,-0.38447464817852084,0,0,1,0,1,0
0,1,-0.4573303194328602,-0.343286431215914,1,0,0,0,1,0
1,0,-0.7589281206711838,-0.11704115400538775,0,0,1,1,0,0
0,1,0.5982619849012726,0.4228611129909654,0,0,1,1,0,0
0,1,-0.9851264715999265,-0.46064405928157615,0,0,1,0,0,1
0,1,-0.3819308691232792,0.9483340148992845,1,0,0,1,0,0
0,0,-0.5704294948972315,-0.33925981894075447,1,0,0,0,0,1
1,0,-0.532729769742441,-0.49017322040145855,0,0,1,0,0,1
1,0,-0.3819308691232792,-0.32709542325749746,0,0,1,0,0,1
0,1,-0.7589281206711838,-0.5103062817772562,0,1,0,0,0,1
0,1,-0.8343275709807647,-0.41467424024221733,0,0,1,0,1,0
0,1,-0.7589281206711838,0.09368555949667362,0,0,1,0,1,0
1,1,-0.1557325181945365,-0.489251126190447,0,0,1,0,0,1
0,0,-1.5129226237669928,0.045869538729154176,0,0,1,0,0,1
0,1,0.5605622597464821,-0.12274485029315124,0,0,1,0,1,0
0,1,0.9752592364491772,-0.38447464817852084,0,0,1,0,1,0
0,1,1.6538542892354053,-0.39403785233202476,0,0,1,0,1,0
1,0,-0.532729769742441,0.6946574415642337,0,0,1,1,0,0
0,1,1.9931518156285195,-0.4841333019887193,0,0,1,0,0,1
0,1,0.8621600609848058,-0.35427505611482435,0,0,1,0,0,1
0,1,-0.30653141881369833,-0.49898143475337003,0,0,1,0,0,1
0,1,1.6538542892354053,0.5895467547334693,1,0,0,1,0,0
1,0,-0.9851264715999265,-0.4905094425264344,0,1,0,0,0,1
0,1,0.07046583273420623,-0.4841333019887193,0,0,1,0,0,1
0,1,-0.30653141881369833,-0.4718018018960432,0,0,1,0,0,1
0,1,-0.30653141881369833,0.7540499726228369,0,0,1,0,0,1
0,1,1.126058137068339,-0.3220621579135481,0,0,1,0,0,1
1,0,0.8244603358300153,-0.3291087293950773,0,0,1,0,1,0
0,1,-0.23113196850411744,-0.48966989386706367,0,0,1,0,0,1
0,1,-0.9097270212903457,-0.4718018018960432,0,0,1,0,0,1
0,1,-2.1161182262436404,0.15282642728807924,0,0,1,0,0,1
1,1,-1.5129226237669928,-0.23297336132564347,0,0,1,0,0,1
1,0,0.4474630842821108,0.46111392960498093,0,0,1,1,0,0
0,0,1.2014575873779199,-0.08449203367913571,0,0,1,0,0,1
0,1,0.8244603358300153,-0.12425482989633606,0,0,1,1,0,0
0,1,-0.0803330678849556,0.4912289628108992,0,0,1,0,0,1
0,1,2.4078487923312144,0.02825311002533122,0,0,1,1,0,0
0,1,-1.8899198753148976,-0.05982903349378355,0,1,0,0,0,1
1,0,-2.1161182262436404,-0.4220570338487224,0,0,1,0,0,1
0,1,-0.608129220052022,-0.48664993466069395,0,0,1,0,0,1
0,1,2.03085154078331,-0.028204020684680614,1,0,0,1,0,0
0,1,-0.8343275709807647,-0.4880753554061005,0,0,1,0,0,1
0,1,-0.30653141881369833,-0.13348181192486414,0,0,1,0,0,1
0,0,1.5784548389258244,-0.06813392131130011,1,0,0,1,0,0
0,1,0.07046583273420623,-0.38447464817852084,0,0,1,0,1,0
0,1,0.5228625345916917,-0.6462044460638905,0,0,1,0,0,1
0,0,-0.5704294948972315,0.7540499726228369,0,0,1,0,0,1
0,1,0.07046583273420623,-0.34320187235813565,1,0,0,0,1,0
0,1,-1.5129226237669928,-0.014277982131041355,0,0,1,0,0,1
1,1,-2.1161182262436404,0.13898494759221836,0,0,1,0,1,0
1,0,-1.8899198753148976,-0.20277376926194698,0,0,1,0,0,1
0,1,0.8244603358300153,0.36044862272599265,0,0,1,1,0,0
1,0,-0.5704294948972315,-0.33414199473902667,0,1,0,0,0,1
1,1,1.2014575873779199,-0.11167166653646252,0,0,1,1,0,0
0,1,0.8244603358300153,-0.33414199473902667,0,1,0,0,0,1
0,1,0.5228625345916917,-0.48723782005286725,0,0,1,0,0,1
1,0,0.22126473335336805,-0.38447464817852084,0,0,1,0,1,0
0,1,-0.7589281206711838,-0.38447464817852084,0,0,1,0,1,0
1,0,-0.7589281206711838,-0.4880753554061005,0,0,1,0,0,1
1,1,-1.9653193256244783,-0.12274485029315124,0,0,1,0,1,0
1,0,1.126058137068339,-0.08809987827767862,1,0,0,1,0,0
1,0,2.1816504414024718,2.3037078131670836,1,0,0,1,0,0
0,1,-0.30653141881369833,-0.49017322040145855,0,1,0,0,0,1
0,1,0.9752592364491772,-0.4770021716494118,0,0,1,0,0,1
1,0,-0.5704294948972315,-0.49017322040145855,0,1,0,0,0,1
0,0,-0.3819308691232792,-0.38447464817852084,0,0,1,0,1,0
0,1,-0.0803330678849556,-0.4549403629938127,0,0,1,0,0,1
0,1,-0.30653141881369833,0.7540499726228369,0,0,1,0,0,1
0,1,0.3720636339725299,-0.515424105978984,0,0,1,0,0,1
0,1,1.2391573125327104,-0.5007430776237524,1,0,0,0,0,1
1,1,-0.8343275709807647,-0.4841333019887193,0,0,1,0,0,1
0,0,-2.0407187759340593,-0.43556229141960745,0,0,1,0,0,1
0,1,0.22126473335336805,-0.32709542325749746,0,0,1,0,0,1
1,1,-0.23113196850411744,-0.26795455546609187,1,0,0,0,0,1
1,0,-0.9851264715999265,-0.49017322040145855,0,1,0,0,0,1
1,1,0.8244603358300153,-0.022079543414162937,1,0,0,1,0,0
0,1,-0.3819308691232792,-0.5042663633645169,0,0,1,0,0,1
1,0,0.4474630842821108,-0.22341015717213955,0,0,1,0,1,0
0,1,-0.532729769742441,-0.5002397510893574,0,0,1,0,0,1
0,1,0.07046583273420623,-0.38447464817852084,0,0,1,0,1,0
0,1,-0.30653141881369833,-0.49017322040145855,0,1,0,0,0,1
1,0,0.14586528304378713,1.6343680812795898,1,0,0,1,0,0
1,0,-0.1557325181945365,-0.48664993466069395,0,0,1,0,0,1
0,1,0.9752592364491772,-0.10261178891735358,0,0,1,0,1,0
1,0,0.22126473335336805,0.8897810325000521,1,0,0,1,0,0
0,1,0.07046583273420623,-0.434807301618015,0,0,1,0,1,0
1,1,-0.9851264715999265,-0.4841333019887193,0,0,1,0,0,1
0,1,-0.1557325181945365,-0.38447464817852084,0,0,1,0,1,0
0,1,1.6538542892354053,-0.4841333019887193,0,0,1,0,0,1
0,1,-0.30653141881369833,-0.48723782005286725,0,0,1,0,0,1
1,1,0.6736614352108535,1.1657710777578991,0,0,1,1,0,0
0,1,-0.532729769742441,-0.4579603222001823,0,0,1,0,0,1
1,1,-0.7589281206711838,-0.434807301618015,0,0,1,0,1,0
0,1,-0.6458289452068124,-0.5002397510893574,0,0,1,0,0,1
0,1,-0.8343275709807647,-0.38447464817852084,0,0,1,0,1,0
0,0,-0.5704294948972315,-0.13348181192486414,0,0,1,0,0,1
1,0,0.4474630842821108,1.0344028522808193,0,0,1,1,0,0
0,1,-0.004933617575374686,-0.48966989386706367,0,0,1,0,0,1
0,1,2.2570498917120525,-0.374408117490622,0,0,1,0,1,0
1,0,-1.8145204250053166,-0.014277982131041355,0,0,1,0,0,1
0,1,-0.3819308691232792,-0.434807301618015,0,0,1,0,1,0
0,0,-0.5704294948972315,-0.4941998326766181,0,0,1,0,0,1
0,1,1.126058137068339,-0.12274485029315124,0,0,1,0,1,0
1,0,-1.5883220740765738,-0.11771158494920184,0,0,1,0,1,0
0,1,-0.7589281206711838,-0.434807301618015,0,0,1,0,1,0
0,1,0.29666418366294894,-0.3990711176759742,0,0,1,0,1,0
0,0,-0.5704294948972315,-0.3551971503258359,1,0,0,0,0,1
1,0,-0.5704294948972315,-0.33414199473902667,0,1,0,0,0,1
0,1,-0.004933617575374686,-0.434807301618015,0,0,1,0,1,0
0,1,-0.532729769742441,-0.5027563837613321,0,0,1,0,0,1
0,1,0.07046583273420623,-0.5007430776237524,1,0,0,0,0,1
0,1,1.126058137068339,1.1657710777578991,0,1,0,1,0,0
0,0,-0.30653141881369833,-0.48966989386706367,0,0,1,0,0,1
1,0,-0.3819308691232792,-0.35427505611482435,0,0,1,0,1,0
1,1,0.5982619849012726,0.41187248809205507,0,0,1,1,0,0
0,1,1.8800526401641482,-0.12274485029315124,0,0,1,0,1,0
0,1,-0.30653141881369833,-0.5002397510893574,0,0,1,0,0,1
0,0,-0.004933617575374686,-0.43556229141960745,0,0,1,0,0,1
0,1,2.4832482426407956,-0.11167166653646252,0,0,1,1,0,0
0,1,0.07046583273420623,-0.3220621579135481,0,0,1,0,0,1
0,0,0.8998597861395963,-0.23926494300558024,0,0,1,0,0,1
1,0,-0.004933617575374686,-0.33925981894075447,1,0,0,0,0,1
1,0,0.4474630842821108,0.9483340148992845,1,0,0,1,0,0
1,0,0.07046583273420623,1.0953053629426073,0,0,1,1,0,0
1,0,0.4474630842821108,9.668550782149426,1,0,0,1,0,0
1,0,1.5784548389258244,-0.12274485029315124,0,0,1,0,1,0
0,1,-0.30653141881369833,-0.49017322040145855,0,1,0,0,0,1
1,1,-1.9653193256244783,-0.014277982131041355,0,0,1,0,0,1
0,1,1.7292537395449863,0.9573938925183935,0,0,1,1,0,0
0,1,0.8244603358300153,-0.6462044460638905,0,0,1,1,0,0
0,0,-0.5704294948972315,-0.49017322040145855,0,1,0,0,0,1
0,1,0.5228625345916917,-0.434807301618015,0,0,1,0,1,0
0,1,-0.9851264715999265,0.15282642728807924,0,0,1,0,0,1
1,1,-0.30653141881369833,-0.48966989386706367,0,0,1,0,0,1
1,0,2.1816504414024718,2.443465485319458,0,0,1,1,0,0
1,0,0.4474630842821108,2.084509107438086,0,0,1,1,0,0
0,1,0.8244603358300153,-0.022079543414162937,0,0,1,1,0,0
1,1,-0.30653141881369833,-0.6462044460638905,0,0,1,0,0,1
1,0,0.8998597861395963,-0.25360974923583607,0,0,1,0,1,0
0,1,0.5982619849012726,-0.04825252320269991,1,0,0,1,0,0
1,0,-0.5704294948972315,-0.49017322040145855,0,1,0,0,0,1
1,0,2.5586476929503768,0.9233347925889563,0,0,1,1,0,0
0,0,1.2014575873779199,-0.49017322040145855,0,0,1,0,0,1
0,1,0.07046583273420623,-0.6462044460638905,0,0,1,0,1,0
0,1,-1.6637215243861547,-0.05982903349378355,0,1,0,0,0,1
1,0,0.4474630842821108,-0.2385099532039878,0,0,1,0,0,1
0,1,2.709446593569538,-0.49017322040145855,0,1,0,0,0,1
0,1,-0.0803330678849556,-0.4880753554061005,0,0,1,0,0,1
0,1,-0.9851264715999265,-0.4549403629938127,0,0,1,0,0,1
1,1,-0.7589281206711838,-0.4841333019887193,0,0,1,0,0,1
0,1,0.8244603358300153,-0.12274485029315124,0,0,1,1,0,0
0,1,0.29666418366294894,-0.4718018018960432,1,0,0,0,0,1
1,1,0.07046583273420623,-0.4549403629938127,0,0,1,0,0,1
0,1,-0.532729769742441,-0.48723782005286725,0,0,1,0,0,1
1,1,0.9752592364491772,-0.38447464817852084,0,0,1,0,1,0
1,0,-0.532729769742441,-0.49017322040145855,0,1,0,0,0,1
1,0,-0.23113196850411744,0.941287443417755,0,0,1,1,0,0
1,0,-0.7589281206711838,1.1874986775946599,1,0,0,1,0,0
0,1,0.5228625345916917,-0.38699128085049556,1,0,0,0,1,0
0,0,-0.3819308691232792,-0.4680268528880811,0,0,1,0,0,1
0,1,-0.3819308691232792,-0.48723782005286725,0,0,1,0,0,1
0,1,0.8244603358300153,-0.08809987827767862,1,0,0,1,0,0
0,1,-0.4196305942780697,-0.500658518765974,1,0,0,0,0,1
0,0,-2.0407187759340593,2.404961005438245,0,0,1,1,0,0
1,1,0.8244603358300153,-0.032146074102061765,0,0,1,1,0,0
1,0,1.5784548389258244,4.337147012122648,1,0,0,1,0,0
1,0,-0.5704294948972315,-0.49017322040145855,0,1,0,0,0,1
1,1,-0.30653141881369833,-0.17811076907659482,0,1,0,0,0,1
0,1,-0.7589281206711838,-0.6462044460638905,0,0,1,0,0,1
1,0,-0.0803330678849556,-0.3975611380727893,0,1,0,0,1,0
0,1,-0.30653141881369833,-0.4841333019887193,0,0,1,0,0,1
1,1,-2.1221501822684066,2.404961005438245,0,0,1,1,0,0
1,0,0.4474630842821108,1.5862158383870948,1,0,0,1,0,0
1,0,-0.9097270212903457,1.546285937760475,1,0,0,1,0,0
0,1,0.07046583273420623,-0.16301097304474657,1,0,0,0,1,0
1,0,0.07046583273420623,0.4999546316111698,1,0,0,1,0,0
1,0,-0.3819308691232792,1.0280267117431041,1,0,0,1,0,0
1,0,-0.8343275709807647,4.636207532411021,1,0,0,1,0,0
0,0,-0.23113196850411744,-0.12274485029315124,0,0,1,0,1,0
0,1,-0.0803330678849556,-0.48723782005286725,0,0,1,0,0,1
0,1,1.0506586867587582,-0.11771158494920184,0,0,1,0,1,0
1,0,-0.23113196850411744,-0.4880753554061005,0,0,1,0,0,1
1,0,-0.3819308691232792,-0.12274485029315124,0,0,1,0,1,0
0,1,1.8800526401641482,-0.36434158680272316,0,0,1,0,1,0
1,0,0.14586528304378713,2.67306694386133,0,0,1,1,0,0
1,0,0.8244603358300153,2.061692308980895,1,0,0,1,0,0
0,1,-0.532729769742441,-0.5002397510893574,0,0,1,0,0,1
0,1,-0.1557325181945365,-0.48723782005286725,0,0,1,0,0,1
1,0,0.07046583273420623,-0.3975611380727893,0,1,0,0,1,0
1,0,-0.532729769742441,-0.06234566616575826,0,0,1,0,1,0
0,1,-0.30653141881369833,0.7540499726228369,0,0,1,0,0,1
1,0,0.5228625345916917,2.084509107438086,1,0,0,1,0,0
0,1,2.4078487923312144,-0.5206244757323525,0,0,1,0,0,1
1,0,0.5228625345916917,-0.38447464817852084,0,0,1,0,1,0
1,0,0.14586528304378713,-0.23297336132564347,0,0,1,0,0,1
1,0,-0.9851264715999265,0.5210943460557573,1,0,0,1,0,0
1,0,-0.5704294948972315,-0.17811076907659482,0,1,0,0,0,1
0,1,1.2391573125327104,-0.07241219685365709,0,0,1,1,0,0
0,1,0.6736614352108535,2.443465485319458,0,0,1,1,0,0
0,1,-0.9851264715999265,-0.28380934129953256,0,0,1,0,0,1
1,0,0.4474630842821108,2.044579206811467,0,0,1,1,0,0
0,1,-0.30653141881369833,-0.48723782005286725,0,0,1,0,0,1
0,1,-0.004933617575374686,0.6946574415642337,0,0,1,1,0,0
1,0,0.8998597861395963,2.061692308980895,1,0,0,1,0,0
1,1,1.2014575873779199,-0.4841333019887193,0,0,1,0,0,1
0,1,1.2014575873779199,0.06851923277692655,0,0,1,1,0,0
1,1,-2.0407187759340593,-0.12274485029315124,0,0,1,0,1,0
1,0,-0.3819308691232792,4.648790695770894,0,0,1,1,0,0
0,1,-0.0803330678849556,-0.38447464817852084,0,0,1,0,1,0
0,1,-0.30653141881369833,-0.38447464817852084,0,0,1,0,1,0
0,1,0.5228625345916917,-0.38447464817852084,0,0,1,0,1,0
1,0,-0.3819308691232792,-0.38447464817852084,0,0,1,0,1,0
1,0,0.8244603358300153,-0.38447464817852084,0,0,1,0,1,0
1,0,-0.5704294948972315,-0.3220621579135481,0,0,1,0,0,1
1,1,-1.9653193256244783,-0.32608877018870763,0,0,1,0,0,1
0,1,0.9752592364491772,-0.4718018018960432,0,0,1,0,0,1
0,1,-0.4573303194328602,-0.460476954872157,0,0,1,0,0,1
0,1,0.8244603358300153,0.05845270208902771,0,0,1,1,0,0
0,1,-1.0605259219095076,-0.500658518765974,1,0,0,0,0,1
0,1,-0.30653141881369833,-0.28783595357469205,0,0,1,0,0,1
0,1,-0.30653141881369833,-0.5007430776237524,1,0,0,0,0,1
0,1,-0.0803330678849556,-0.4549403629938127,0,0,1,0,0,1
1,0,-0.532729769742441,0.46111392960498093,0,0,1,1,0,0
0,0,0.6736614352108535,-0.38447464817852084,0,0,1,0,1,0
1,0,-0.5704294948972315,-0.4875720288717055,0,1,0,0,0,1
1,0,-0.5704294948972315,-0.4875720288717055,0,1,0,0,0,1
0,1,0.8244603358300153,-0.08449203367913571,0,0,1,0,0,1
0,1,-0.004933617575374686,-0.08809987827767862,1,0,0,0,1,0
0,0,1.2014575873779199,-0.3551971503258359,1,0,0,0,0,1
0,1,0.4474630842821108,-0.5042663633645169,0,0,1,0,0,1
0,1,-0.30653141881369833,-0.33414199473902667,0,1,0,0,0,1
0,1,0.07046583273420623,-0.5002397510893574,0,0,1,0,0,1
1,0,2.3324493420216337,0.8688084224648837,1,0,0,1,0,0
1,0,-0.5704294948972315,-0.500658518765974,1,0,0,0,0,1
1,0,-0.5704294948972315,-0.49017322040145855,0,1,0,0,0,1
1,0,-0.3819308691232792,0.7490167072788875,1,0,0,1,0,0
1,1,-0.30653141881369833,0.4700067028146707,1,0,0,1,0,0
0,1,-0.8343275709807647,-0.515424105978984,0,0,1,0,0,1
0,1,-0.7589281206711838,-0.4841333019887193,0,0,1,0,0,1
0,1,-0.532729769742441,2.084509107438086,1,0,0,1,0,0
0,0,-1.9653193256244783,-0.22190017756895475,0,0,1,0,0,1
1,0,0.4474630842821108,1.008145313634504,1,0,0,1,0,0
1,0,-0.532729769742441,-0.5002397510893574,0,0,1,0,0,1
0,1,-0.1557325181945365,3.6119380349173147,1,0,0,1,0,0
0,1,-0.6835286703616029,-0.5654205372935024,1,0,0,0,0,1
0,1,-0.7589281206711838,-0.48966989386706367,0,0,1,0,0,1
1,0,0.9752592364491772,3.9345703434644728,1,0,0,1,0,0
1,0,-2.1161182262436404,-0.3292758338044964,1,0,0,0,0,1
0,1,0.22126473335336805,-0.48664993466069395,0,0,1,0,0,1
1,0,0.4474630842821108,0.40071474547758795,0,0,1,1,0,0
0,1,-0.30653141881369833,-0.48723782005286725,0,0,1,0,0,1
0,1,-0.8343275709807647,0.8335755650572377,0,0,1,0,1,0
0,1,-2.1161182262436404,0.29803613246101984,0,0,1,0,0,1
1,0,0.5228625345916917,-0.38447464817852084,0,0,1,0,1,0
0,1,-0.30653141881369833,-0.4905919880780752,0,1,0,0,0,1
1,0,-0.9097270212903457,-0.4046077095543185,1,0,0,0,1,0
1,1,0.5228625345916917,1.769762919031829,0,0,1,1,0,0
1,1,-0.608129220052022,-0.489251126190447,0,0,1,0,0,1
0,1,-0.0803330678849556,-0.48664993466069395,0,0,1,0,0,1
1,0,-0.4573303194328602,1.6343680812795898,1,0,0,1,0,0
1,0,-0.3819308691232792,-0.3099823210880695,0,0,1,0,0,1
0,1,-0.532729769742441,-0.489251126190447,0,0,1,0,0,1
0,0,0.14586528304378713,-0.4880753554061005,0,0,1,0,0,1
0,1,1.2768570376875008,-0.12274485029315124,0,0,1,0,1,0
0,1,-0.4573303194328602,-0.434807301618015,0,0,1,0,1,0
1,0,-0.0803330678849556,-0.39152121966005005,0,0,1,0,1,0
1,1,0.7490608855204345,-0.48664993466069395,0,0,1,0,0,1
0,1,-0.23113196850411744,-0.4841333019887193,0,0,1,0,0,1
0,0,-0.608129220052022,-0.4483971180466784,0,0,1,0,0,1
0,1,-0.0803330678849556,-0.32709542325749746,0,0,1,0,0,1
0,0,-0.6835286703616029,-0.4718018018960432,0,0,1,0,0,1
0,1,0.3720636339725299,-0.22341015717213955,0,0,1,0,1,0
0,1,1.6538542892354053,-0.49017322040145855,0,0,1,0,0,1
1,1,-1.9653193256244783,-0.2687095452676843,0,0,1,0,1,0
0,1,-0.608129220052022,-0.48966989386706367,0,0,1,0,0,1
0,0,-0.5704294948972315,-0.13348181192486414,0,0,1,0,0,1
0,1,-0.30653141881369833,-0.48723782005286725,0,0,1,0,0,1
0,1,-0.30653141881369833,-0.5081258712302573,0,1,0,0,0,1
1,0,0.29666418366294894,1.1657710777578991,0,1,0,1,0,0
0,1,0.07046583273420623,-0.6462044460638905,0,0,1,0,1,0
1,1,1.126058137068339,-0.48664993466069395,0,0,1,0,0,1
0,0,-0.5704294948972315,-0.4841333019887193,0,0,1,0,0,1
1,0,0.3720636339725299,0.008120048649533558,0,0,1,0,1,0
1,0,-0.8343275709807647,-0.38447464817852084,0,0,1,0,1,0
0,1,0.07046583273420623,-0.38447464817852084,0,0,1,0,1,0
0,0,-1.437523173457412,-0.15999101383837694,0,0,1,0,0,1
0,1,-0.30653141881369833,-0.48723782005286725,1,0,0,0,0,1
0,1,-0.608129220052022,-0.4905094425264344,0,1,0,0,0,1
0,1,-0.004933617575374686,-0.4876565877294839,0,0,1,0,0,1
0,0,-0.0803330678849556,-0.3562883622524042,0,0,1,0,0,1
0,1,-0.8343275709807647,-0.23926494300558024,0,0,1,0,0,1
0,1,-0.30653141881369833,-0.5002397510893574,0,0,1,0,0,1
1,0,-0.0803330678849556,-0.12274485029315124,0,0,1,0,1,0
1,0,-0.7589281206711838,-0.12274485029315124,0,0,1,0,1,0
0,1,-0.30653141881369833,-0.49017322040145855,0,1,0,0,0,1
1,1,0.22126473335336805,-0.4841333019887193,0,0,1,0,0,1
1,1,-0.0803330678849556,-0.11167166653646252,0,0,1,1,0,0
1,0,-0.5704294948972315,-0.3220621579135481,0,0,1,0,0,1
1,0,0.9752592364491772,-0.12274485029315124,0,0,1,0,1,0
0,1,-0.9097270212903457,-0.5027563837613321,0,0,1,0,0,1
0,1,1.5784548389258244,0.47923368484319884,0,0,1,1,0,0
1,0,-1.1359253722190883,1.769762919031829,0,0,1,1,0,0
0,0,-0.608129220052022,0.045869538729154176,0,0,1,0,0,1
1,0,-0.3819308691232792,-0.2687095452676843,0,0,1,0,1,0
0,1,2.6340471432599575,4.648790695770894,0,0,1,1,0,0
0,1,0.14586528304378713,-0.434807301618015,0,0,1,0,1,0
1,0,1.2014575873779199,-0.11771158494920184,0,0,1,0,1,0
0,1,-0.6835286703616029,-0.4549403629938127,0,0,1,0,0,1
0,1,-0.30653141881369833,-0.48966989386706367,0,0,1,0,0,1
1,0,-0.0803330678849556,-0.38447464817852084,0,0,1,0,1,0
1,1,-0.30653141881369833,-0.4828749856527319,0,0,1,0,0,1
1,1,-1.8899198753148976,1.0018537319545673,0,0,1,1,0,0
1,0,-1.2113248225286692,-0.25360974923583607,0,0,1,0,1,0
1,1,0.3720636339725299,-0.11167166653646252,0,0,1,1,0,0
1,0,-1.8145204250053166,-0.25847591017036636,1,0,0,0,0,1
1,1,1.7292537395449863,-0.032146074102061765,0,0,1,1,0,0
0,1,0.5228625345916917,-0.08751199288550533,0,0,1,0,1,0
0,1,-0.30653141881369833,-0.24421364949175128,0,0,1,0,0,1
0,1,0.07046583273420623,-0.08751199288550533,1,0,0,1,0,0
1,1,1.5030553886162437,1.1477358813774596,1,0,0,1,0,0
0,1,-0.30653141881369833,-0.4841333019887193,0,0,1,0,0,1
1,1,-0.004933617575374686,-0.48723782005286725,1,0,0,0,0,1
0,1,2.709446593569538,-0.11167166653646252,0,0,1,1,0,0
1,0,0.4474630842821108,0.39794644953841574,0,0,1,1,0,0
1,0,1.5784548389258244,-0.434807301618015,0,0,1,0,1,0
0,1,-0.30653141881369833,-0.49017322040145855,0,1,0,0,0,1
1,1,1.4276559383066627,-0.11167166653646252,0,0,1,1,0,0
0,1,0.3720636339725299,-0.4841333019887193,0,0,1,0,0,1
0,1,1.3522564879970818,0.12891841690431952,0,0,1,1,0,0
0,1,1.4276559383066627,-0.38447464817852084,0,0,1,0,1,0
0,1,-0.30653141881369833,-0.4841333019887193,0,0,1,0,0,1
0,1,0.6736614352108535,-0.5042663633645169,0,0,1,0,0,1
0,1,0.07046583273420623,-0.6462044460638905,0,0,1,0,1,0
0,1,2.03085154078331,-0.11167166653646252,0,0,1,1,0,0
0,1,-0.30653141881369833,-0.4906765469358535,0,1,0,0,0,1
1,0,-2.1349680888210356,-0.25847591017036636,1,0,0,0,0,1
0,1,-0.30653141881369833,-0.5002397510893574,0,0,1,0,0,1
0,1,0.6736614352108535,-0.4718018018960432,0,0,1,0,0,1
1,0,0.29666418366294894,-0.08751199288550533,0,0,1,0,1,0
1,0,-0.4573303194328602,-0.36853530348730185,1,0,0,0,1,0
0,0,-0.532729769742441,-0.448145454779481,0,0,1,0,0,1
0,1,0.8244603358300153,0.40071474547758795,0,0,1,1,0,0
0,1,0.3720636339725299,-0.22341015717213955,0,0,1,0,1,0
0,1,-0.004933617575374686,-0.5043509222222953,0,0,1,0,0,1
0,1,-0.532729769742441,-0.49478771806879135,0,0,1,0,0,1
1,0,-2.0407187759340593,-0.39881945440877664,0,0,1,0,0,1
0,1,-1.5129226237669928,0.29803613246101984,0,0,1,0,0,1
0,1,0.07046583273420623,-0.6462044460638905,0,0,1,0,1,0
0,1,1.5784548389258244,-0.4841333019887193,0,0,1,0,0,1
1,0,2.5586476929503768,-0.4531787201234304,0,0,1,0,0,1
1,1,-0.30653141881369833,1.1874986775946599,1,0,0,1,0,0
0,0,-0.5704294948972315,-0.13348181192486414,0,0,1,0,0,1
1,0,0.4474630842821108,1.1657710777578991,0,0,1,1,0,0
0,1,2.1816504414024718,-0.04825252320269991,1,0,0,1,0,0
0,1,0.07046583273420623,-0.4841333019887193,0,0,1,0,0,1
1,1,-1.5129226237669928,-0.32608877018870763,0,0,1,0,0,1
0,1,-0.30653141881369833,-0.24421364949175128,0,0,1,0,0,1
0,1,-0.608129220052022,-0.5002397510893574,0,0,1,0,0,1
0,1,1.955452090473729,-0.032146074102061765,0,0,1,1,0,0
0,1,3.161843295427024,0.3504666508958721,1,0,0,1,0,0
0,1,-0.608129220052022,-0.4841333019887193,0,0,1,0,0,1
0,1,-0.30653141881369833,-0.3551146047741951,1,0,0,0,0,1
1,0,1.8800526401641482,0.9295438287172524,1,0,0,1,0,0
0,1,-0.30653141881369833,-0.3421952192893457,0,0,1,0,0,1
0,0,-0.30653141881369833,2.404961005438245,0,0,1,1,0,0
0,1,-0.3819308691232792,-0.489251126190447,0,0,1,0,0,1
0,1,-0.9097270212903457,-0.4718018018960432,0,0,1,0,0,1
0,0,-0.608129220052022,-0.49017322040145855,0,1,0,0,0,1
0,0,-0.5704294948972315,-0.4926052942156549,0,1,0,0,0,1
0,0,0.5982619849012726,-0.4531787201234304,0,0,1,0,0,1
1,0,-0.9851264715999265,1.0953053629426073,0,0,1,1,0,0
0,1,-0.8343275709807647,1.546285937760475,1,0,0,1,0,0
1,0,0.29666418366294894,-0.12274485029315124,0,0,1,0,1,0
1,1,0.8244603358300153,-0.11167166653646252,0,0,1,1,0,0
0,1,-0.0803330678849556,-0.19270723857404815,0,0,1,0,0,1
1,1,-0.23113196850411744,0.4912289628108992,0,0,1,0,0,1
1,1,-0.004933617575374686,-0.49017322040145855,0,1,0,0,0,1
0,1,-0.30653141881369833,-0.4841333019887193,0,0,1,0,0,1
1,1,0.5228625345916917,-0.1169565951476094,0,0,1,1,0,0
1,0,1.8800526401641482,0.5496993996584907,1,0,0,1,0,0
0,1,-0.3819308691232792,-0.49529104460318635,0,0,1,0,0,1
0,1,1.3522564879970818,0.03873840838984667,0,0,1,1,0,0
1,0,0.3720636339725299,-0.434807301618015,0,0,1,0,1,0
0,1,-0.30653141881369833,-0.15999101383837694,0,1,0,0,0,1
1,0,0.5228625345916917,-0.12274485029315124,0,0,1,0,1,0
0,1,0.22126473335336805,-0.48723782005286725,0,0,1,0,0,1
1,0,0.07046583273420623,1.236236792573191,0,0,1,1,0,0
0,1,-0.532729769742441,-0.48723782005286725,0,0,1,0,0,1
0,1,-0.30653141881369833,-0.5007430776237524,1,0,0,0,0,1
1,0,1.126058137068339,0.5210943460557573,1,0,0,1,0,0
0,1,-0.30653141881369833,-0.500658518765974,1,0,0,0,0,1
0,1,0.8621600609848058,-0.49017322040145855,0,1,0,0,0,1
1,0,1.5784548389258244,-0.434807301618015,0,0,1,0,1,0
0,1,0.8244603358300153,3.8188897994114144,0,0,1,1,0,0
0,1,0.7490608855204345,-0.48664993466069395,0,0,1,0,0,1
0,1,-0.4573303194328602,-0.41467424024221733,0,0,1,0,1,0
1,0,-2.0407187759340593,-0.12274485029315124,0,0,1,0,1,0
0,1,-0.30653141881369833,-0.500658518765974,1,0,0,0,0,1
0,1,-0.9097270212903457,-0.500658518765974,1,0,0,0,0,1
1,0,-0.5704294948972315,-0.19606341990539358,1,0,0,0,0,1
0,0,0.07046583273420623,-0.4718018018960432,0,0,1,0,0,1
1,0,-1.6637215243861547,-0.11771158494920184,0,0,1,0,1,0
0,1,1.2014575873779199,-0.11167166653646252,0,0,1,1,0,0
1,0,0.07046583273420623,1.4964566108553758,1,0,0,1,0,0
0,1,-0.30653141881369833,-0.35427505611482435,0,0,1,0,0,1
1,0,-0.532729769742441,0.3503820920380938,1,0,0,1,0,0
1,0,0.5228625345916917,0.7832429116177435,0,0,1,1,0,0
0,0,-1.5129226237669928,-0.016542951535818605,0,0,1,0,0,1
0,0,-1.3621237231478311,-0.016542951535818605,0,0,1,0,0,1
1,1,0.22126473335336805,-0.12274485029315124,0,0,1,0,1,0
0,1,1.5784548389258244,1.4964566108553758,1,0,0,1,0,0
0,1,2.6340471432599575,-0.12274485029315124,0,0,1,1,0,0
1,0,-0.7589281206711838,-0.12274485029315124,0,0,1,0,1,0
1,1,0.07046583273420623,-0.3671098827418954,1,0,0,0,1,0
0,1,0.29666418366294894,-0.23297336132564347,0,0,1,0,0,1
1,1,-1.5883220740765738,0.09368555949667362,0,0,1,0,1,0
1,1,-0.9097270212903457,1.5862158383870948,1,0,0,1,0,0
0,1,-0.1557325181945365,-0.12274485029315124,0,0,1,0,1,0
0,1,-0.30653141881369833,-0.4885786819404954,0,1,0,0,0,1
1,1,-0.532729769742441,-0.5007430776237524,1,0,0,0,0,1
1,0,-0.532729769742441,-0.48966989386706367,0,0,1,0,0,1
0,1,2.4832482426407956,-0.11167166653646252,0,0,1,1,0,0
1,0,1.4276559383066627,0.151064784417697,1,0,0,1,0,0
0,1,0.8244603358300153,3.9345703434644728,1,0,0,1,0,0
1,0,0.7490608855204345,0.9573938925183935,0,0,1,1,0,0
1,0,0.5228625345916917,-0.29588917812501114,0,0,1,0,0,1
0,1,-0.30653141881369833,-0.49017322040145855,0,1,0,0,0,1
0,1,0.8244603358300153,-0.48723782005286725,0,0,1,0,0,1
0,1,-0.0803330678849556,-0.374408117490622,0,0,1,0,1,0
0,1,-0.30653141881369833,-0.4841333019887193,0,0,1,0,0,1
0,0,-0.5704294948972315,-0.4841333019887193,0,0,1,0,0,1
0,1,-0.3819308691232792,-0.15999101383837694,0,0,1,0,0,1
0,1,-0.7589281206711838,-0.48723782005286725,0,0,1,0,0,1
0,0,-0.004933617575374686,-0.22190017756895475,0,0,1,0,0,1
0,1,-0.30653141881369833,-0.500658518765974,1,0,0,0,0,1
1,1,0.22126473335336805,-0.4880753554061005,0,0,1,0,0,1
1,1,2.4832482426407956,-0.434807301618015,0,0,1,0,1,0
1,0,1.8046531898545672,0.3902294471130725,0,0,1,1,0,0
1,1,0.5228625345916917,-0.11494328901002966,0,0,1,1,0,0
1,0,-0.5704294948972315,-0.49017322040145855,0,1,0,0,0,1
0,1,-0.9851264715999265,-0.4841333019887193,0,0,1,0,0,1
0,1,-0.7589281206711838,-0.35427505611482435,0,0,1,0,0,1
1,0,0.3720636339725299,-0.38447464817852084,0,0,1,0,1,0
1,0,0.7490608855204345,0.47923368484319884,0,0,1,1,0,0
0,0,-0.5704294948972315,-0.3551146047741951,1,0,0,0,0,1
1,1,0.22126473335336805,-0.48664993466069395,0,0,1,0,0,1
1,0,-0.30653141881369833,-0.0422126047899606,0,0,1,0,1,0
1,0,0.7490608855204345,1.5862158383870948,1,0,0,1,0,0
0,1,1.8800526401641482,-0.12274485029315124,0,0,1,0,1,0
0,1,0.5228625345916917,0.16163464163999072,1,0,0,1,0,0
0,1,-0.30653141881369833,-0.4707951488272534,1,0,0,0,0,1
1,0,-0.8343275709807647,0.9573938925183935,0,0,1,1,0,0
0,1,1.3522564879970818,-0.34420852542692554,0,0,1,0,1,0
1,1,2.3324493420216337,0.9483340148992845,1,0,0,1,0,0
0,1,-0.532729769742441,-0.4841333019887193,0,0,1,0,0,1
0,1,-0.30653141881369833,-0.4841333019887193,0,0,1,0,0,1
0,1,0.4474630842821108,-0.5027563837613321,0,0,1,0,0,1
1,0,1.7292537395449863,0.9295438287172524,1,0,0,1,0,0
0,1,1.3522564879970818,-0.5002397510893574,0,0,1,0,0,1
0,0,-0.5704294948972315,-0.49017322040145855,0,1,0,0,0,1
0,1,0.5982619849012726,-0.12274485029315124,0,0,1,0,1,0
0,1,0.5228625345916917,-0.15999101383837694,0,0,1,0,0,1
1,0,-0.0803330678849556,0.01818657933743239,0,0,1,0,1,0
0,1,1.5030553886162437,-0.6462044460638905,0,0,1,0,0,1
0,1,-0.30653141881369833,-0.5007430776237524,1,0,0,0,0,1
1,1,1.5030553886162437,0.4999546316111698,1,0,0,1,0,0
1,0,-0.3819308691232792,-0.10261178891735358,0,0,1,0,1,0
0,1,-0.30653141881369833,-0.48723782005286725,0,0,1,0,0,1
0,1,0.8244603358300153,0.20743735626993037,0,0,1,1,0,0
0,1,1.126058137068339,-0.4841333019887193,0,0,1,0,0,1
1,1,0.4474630842821108,-0.11167166653646252,1,0,0,1,0,0
0,1,0.5228625345916917,-0.3331353416702368,0,0,1,0,0,1
0,1,0.07046583273420623,-0.48723782005286725,0,0,1,0,0,1
1,1,-0.1557325181945365,-0.032146074102061765,0,0,1,1,0,0
1,0,-0.532729769742441,0.1909121394926757,1,0,0,0,1,0
1,0,0.8244603358300153,2.443465485319458,0,0,1,1,0,0
0,0,0.7490608855204345,-0.016542951535818605,0,0,1,0,0,1
0,1,-0.30653141881369833,-0.5042663633645169,0,0,1,0,0,1
1,0,-0.5704294948972315,-0.33414199473902667,0,1,0,0,0,1
0,1,-0.30653141881369833,-0.49017322040145855,0,1,0,0,0,1
0,1,0.4474630842821108,-0.4841333019887193,0,0,1,0,0,1
1,0,-0.3819308691232792,0.6624445433629575,0,0,1,0,1,0
0,1,0.3720636339725299,-0.3562883622524042,0,0,1,0,0,1
0,0,-0.23113196850411744,-0.3220621579135481,0,0,1,0,0,1
1,0,-1.8899198753148976,0.13898494759221836,0,0,1,0,1,0
0,1,-0.23113196850411744,-0.434807301618015,0,0,1,0,1,0
0,1,-0.1557325181945365,-0.3551971503258359,1,0,0,0,0,1
1,1,0.9752592364491772,0.41187248809205507,0,0,1,1,0,0
1,1,-0.6835286703616029,-0.3292758338044964,1,0,0,0,0,1
0,1,-0.608129220052022,-0.4880753554061005,0,0,1,0,0,1
0,1,-0.608129220052022,-0.3220621579135481,0,0,1,0,0,1
0,1,2.4078487923312144,0.004512204050990585,0,0,1,1,0,0
0,1,2.106250991092891,-0.3975611380727893,0,1,0,0,1,0
1,0,-0.608129220052022,0.9233347925889563,0,0,1,1,0,0
0,1,-0.23113196850411744,-0.48723782005286725,0,0,1,0,0,1
0,1,-0.30653141881369833,-0.4905094425264344,0,1,0,0,0,1
1,1,3.8404383482132523,-0.0422126047899606,0,0,1,1,0,0
0,1,1.6538542892354053,-0.5041818045067386,0,0,1,0,0,1
1,1,0.22126473335336805,-0.032146074102061765,1,0,0,1,0,0
0,1,0.8244603358300153,-0.6462044460638905,0,0,1,1,0,0
0,0,-1.5129226237669928,-0.08449203367913571,0,0,1,0,0,1
1,0,-0.0803330678849556,-0.38447464817852084,0,0,1,0,1,0
0,1,0.22126473335336805,-0.48664993466069395,0,0,1,0,0,1
0,1,0.14586528304378713,-0.11771158494920184,0,0,1,0,1,0
0,0,0.8998597861395963,0.15282642728807924,0,0,1,0,0,1
0,1,-0.30653141881369833,-0.3220621579135481,0,0,1,0,0,1
0,1,-0.6835286703616029,-0.4880753554061005,0,0,1,0,0,1
1,0,-0.3819308691232792,0.7490167072788875,1,0,0,1,0,0
0,0,-2.0407187759340593,-0.08449203367913571,0,0,1,0,0,1
1,1,-0.30653141881369833,0.4912289628108992,0,0,1,0,0,1
1,0,-2.1349680888210356,-0.25847591017036636,1,0,0,0,0,1
1,1,1.4276559383066627,0.8985892468519636,1,0,0,1,0,0
0,1,-0.7589281206711838,-0.48723782005286725,0,0,1,0,0,1
1,1,2.03085154078331,0.06851923277692655,1,0,0,1,0,0
0,1,-0.30653141881369833,-0.4941998326766181,0,0,1,0,0,1
1,0,-0.4573303194328602,-0.4941998326766181,0,0,1,0,0,1
0,1,-0.30653141881369833,-0.48723782005286725,0,0,1,0,0,1
1,0,-0.8343275709807647,-0.18314403442054422,0,0,1,0,1,0
0,1,-0.608129220052022,-0.47641629956337606,0,0,1,0,0,1
1,0,-0.5704294948972315,-0.4885786819404954,0,1,0,0,0,1
0,0,-0.8343275709807647,-0.5103062817772562,0,1,0,0,0,1
0,1,-0.3819308691232792,0.8335755650572377,0,0,1,0,1,0
0,1,-0.30653141881369833,-0.48723782005286725,0,0,1,0,0,1
0,0,0.22126473335336805,-0.33414199473902667,0,1,0,0,0,1
0,1,-0.4573303194328602,-0.38447464817852084,0,0,1,0,1,0
0,1,2.1816504414024718,1.6343680812795898,1,0,0,1,0,0
1,1,1.5784548389258244,2.044579206811467,0,0,1,1,0,0
0,1,0.8244603358300153,-0.5007430776237524,1,0,0,0,0,1
0,1,1.3522564879970818,-0.1310497381106678,0,0,1,1,0,0
0,1,0.5228625345916917,-0.49529104460318635,0,0,1,0,0,1
1,1,-0.6835286703616029,-0.48664993466069395,0,0,1,0,0,1
0,1,0.22126473335336805,0.8335755650572377,0,0,1,0,1,0
0,1,-0.30653141881369833,-0.38447464817852084,0,0,1,0,1,0
0,1,-0.30653141881369833,-0.48966989386706367,0,0,1,0,0,1
0,1,1.0506586867587582,-0.4841333019887193,0,0,1,0,0,1
1,0,0.4474630842821108,0.40071474547758795,0,0,1,1,0,0
1,0,0.8244603358300153,0.13898494759221836,0,0,1,0,1,0
0,1,0.14586528304378713,0.40071474547758795,0,0,1,1,0,0
0,1,3.086443845117443,-0.434807301618015,0,0,1,0,1,0
1,1,0.14586528304378713,-0.38447464817852084,0,0,1,0,1,0
0,1,0.07046583273420623,-0.6462044460638905,0,0,1,0,1,0
0,1,-0.8343275709807647,-0.48966989386706367,0,0,1,0,0,1
0,1,-0.3442311439684888,-0.4841333019887193,0,0,1,0,0,1
1,0,-0.8343275709807647,-0.4480608959217026,0,0,1,0,0,1
0,0,1.0506586867587582,0.29803613246101984,0,0,1,0,0,1
1,1,0.5228625345916917,9.668550782149426,1,0,0,1,0,0
0,0,-0.5704294948972315,-0.482371659118337,0,1,0,0,0,1
1,1,-0.1557325181945365,0.8985892468519636,1,0,0,1,0,0
0,1,-0.6835286703616029,-0.460476954872157,0,0,1,0,0,1
0,1,-1.1359253722190883,0.29803613246101984,0,0,1,0,0,1
0,1,2.3324493420216337,0.13898494759221836,0,0,1,0,1,0
0,1,-0.30653141881369833,0.1909121394926757,1,0,0,0,1,0
0,1,-1.1359253722190883,0.15282642728807924,0,0,1,0,0,1
0,1,-0.7589281206711838,-0.4414351054229276,0,0,1,0,0,1
0,1,-0.8343275709807647,-0.489251126190447,0,0,1,0,0,1
1,0,-1.0605259219095076,3.608666412443748,0,0,1,1,0,0
1,1,0.14586528304378713,0.5013800523565762,0,0,1,1,0,0
1,0,-1.8899198753148976,-0.376085201503226,1,0,0,0,0,1
1,1,-0.30653141881369833,0.4912289628108992,0,0,1,0,0,1
0,1,-0.30653141881369833,-0.5007430776237524,1,0,0,0,0,1
0,1,2.3324493420216337,-0.11167166653646252,0,0,1,1,0,0
0,1,1.7292537395449863,-0.374408117490622,0,0,1,0,1,0
0,1,1.126058137068339,-0.4841333019887193,0,0,1,0,0,1
1,0,-0.5704294948972315,-0.4905094425264344,0,1,0,0,0,1
0,1,1.5030553886162437,1.5862158383870948,1,0,0,1,0,0
0,1,0.9752592364491772,-0.4921865265390384,0,0,1,0,0,1
1,0,-0.8343275709807647,3.9345703434644728,1,0,0,1,0,0
1,1,0.4474630842821108,-0.1169565951476094,0,0,1,1,0,0
0,0,-0.8343275709807647,-0.3551971503258359,1,0,0,0,0,1
0,1,-0.30653141881369833,-0.49034032481087764,0,1,0,0,0,1
0,1,-0.23113196850411744,-0.4880753554061005,0,0,1,0,0,1
0,1,0.7490608855204345,-0.12274485029315124,0,0,1,0,1,0
1,0,1.2014575873779199,-0.374408117490622,0,0,1,0,1,0
1,1,0.9752592364491772,-0.1169565951476094,0,0,1,1,0,0
1,0,-0.532729769742441,2.404961005438245,0,0,1,1,0,0
1,1,-0.30653141881369833,-0.33925981894075447,1,0,0,0,0,1
1,0,-0.3819308691232792,0.3504666508958721,1,0,0,1,0,0
0,1,0.8244603358300153,-0.11167166653646252,0,0,1,1,0,0
1,1,1.4276559383066627,0.40071474547758795,0,0,1,1,0,0
0,1,-0.004933617575374686,-0.4552765851187885,0,0,1,0,0,1
0,1,1.7292537395449863,-0.38447464817852084,0,0,1,0,1,0
0,1,-0.7589281206711838,-0.4921865265390384,0,0,1,0,0,1
1,0,0.6736614352108535,3.9345703434644728,1,0,0,1,0,0
1,0,-0.1557325181945365,-0.434807301618015,0,0,1,0,1,0
0,1,-0.30653141881369833,-0.33414199473902667,0,1,0,0,0,1
0,1,0.29666418366294894,-0.48966989386706367,0,0,1,0,0,1
1,0,-1.7391209746957357,0.01818657933743239,0,0,1,0,1,0
0,1,-0.9097270212903457,-0.5041818045067386,0,0,1,0,0,1
0,1,0.3720636339725299,-0.38447464817852084,0,0,1,0,1,0
0,1,1.5784548389258244,-0.38447464817852084,0,0,1,0,1,0
1,1,-0.1557325181945365,0.4228611129909654,0,0,1,1,0,0
0,1,-0.6835286703616029,-0.4718018018960432,0,0,1,0,0,1
1,0,0.07046583273420623,-0.22341015717213955,0,0,1,0,1,0
1,0,-0.5704294948972315,-0.49042488366865605,0,1,0,0,0,1
0,1,-0.30653141881369833,-0.12274485029315124,0,0,1,0,1,0
0,0,-0.30653141881369833,-0.48664993466069395,0,0,1,0,0,1
1,0,-0.004933617575374686,3.608666412443748,0,0,1,1,0,0
0,1,-1.3621237231478311,-0.26795455546609187,1,0,0,0,0,1
0,1,0.07046583273420623,-0.6462044460638905,0,0,1,0,1,0
0,1,-0.4573303194328602,-0.38447464817852084,0,0,1,0,1,0
0,1,-0.4573303194328602,-0.38447464817852084,0,0,1,0,1,0
0,1,-0.04263334273016514,-0.3220621579135481,0,0,1,0,0,1
0,0,1.4276559383066627,0.045869538729154176,0,0,1,0,0,1
1,1,0.4474630842821108,9.668550782149426,1,0,0,1,0,0
0,1,-0.30653141881369833,-0.48723782005286725,0,0,1,0,0,1
0,1,-0.30653141881369833,-0.48723782005286725,0,0,1,0,0,1
1,1,0.8244603358300153,-0.0422126047899606,0,0,1,1,0,0
0,1,0.5228625345916917,0.941287443417755,0,0,1,1,0,0
1,0,-0.608129220052022,4.636207532411021,1,0,0,1,0,0
0,1,-0.3819308691232792,-0.3220621579135481,0,0,1,0,0,1
1,1,0.14586528304378713,-0.48664993466069395,0,0,1,0,0,1
0,1,3.086443845117443,0.7832429116177435,0,0,1,1,0,0
0,1,-0.9851264715999265,-0.2385099532039878,0,0,1,0,0,1
1,0,0.07046583273420623,-0.38447464817852084,0,0,1,0,1,0
0,1,-0.7589281206711838,0.4228611129909654,0,0,1,1,0,0
0,1,0.14586528304378713,-0.49017322040145855,0,1,0,0,0,1
1,0,-1.8899198753148976,-0.18314403442054422,0,0,1,0,1,0
1,1,-1.7391209746957357,-0.3950445054008146,0,0,1,0,0,1
0,1,0.29666418366294894,-0.4549403629938127,0,0,1,0,0,1
0,1,-0.4573303194328602,-0.48723782005286725,0,0,1,0,0,1
1,0,1.4276559383066627,0.6624445433629575,0,0,1,0,1,0
1,1,-2.1410000448458018,-0.35427505611482435,0,0,1,0,1,0
0,1,-0.0803330678849556,-0.489251126190447,0,0,1,0,0,1
0,1,-0.8343275709807647,-0.41467424024221733,0,0,1,0,1,0
0,1,0.3720636339725299,-0.4841333019887193,0,0,1,0,0,1
1,0,0.29666418366294894,1.0953053629426073,0,0,1,1,0,0
0,1,-0.30653141881369833,-0.35427505611482435,0,0,1,0,0,1
0,1,0.8998597861395963,-0.5027563837613321,0,0,1,0,0,1
1,1,-0.6835286703616029,-0.500658518765974,1,0,0,0,0,1
1,0,0.5228625345916917,1.769762919031829,0,0,1,1,0,0
0,1,-0.9851264715999265,-0.48966989386706367,0,0,1,0,0,1
1,0,1.6538542892354053,0.9233347925889563,0,0,1,1,0,0
0,1,0.8244603358300153,0.151064784417697,1,0,0,1,0,0
0,0,0.10816555788899668,-0.49017322040145855,0,1,0,0,0,1
0,1,-0.30653141881369833,-0.15999101383837694,0,1,0,0,0,1
0,1,0.22126473335336805,-0.47784172030878247,0,0,1,0,0,1
0,1,-0.3819308691232792,-0.4549403629938127,0,0,1,0,0,1
0,1,1.4276559383066627,-0.4880753554061005,0,0,1,0,0,1
0,0,2.106250991092891,-0.434807301618015,0,0,1,0,1,0
0,1,-0.30653141881369833,-0.5007430776237524,1,0,0,0,0,1
1,0,1.8800526401641482,-0.18314403442054422,0,0,1,0,1,0
0,1,-0.8343275709807647,-0.49017322040145855,0,0,1,0,0,1
0,1,-0.30653141881369833,-0.49017322040145855,0,1,0,0,0,1
1,0,-1.8145204250053166,-0.3950445054008146,0,0,1,0,0,1
0,1,-0.30653141881369833,-0.49042488366865605,0,1,0,0,0,1
1,0,1.0506586867587582,3.608666412443748,0,0,1,1,0,0
1,0,-1.2113248225286692,-0.500658518765974,1,0,0,0,0,1
1,0,-0.9097270212903457,0.5013800523565762,0,0,1,1,0,0
0,1,-0.004933617575374686,-0.0422126047899606,0,0,1,1,0,0
0,1,-0.30653141881369833,-0.1740841568014353,0,0,1,0,0,1
0,1,-0.30653141881369833,-0.5042663633645169,0,0,1,0,0,1
0,1,-0.30653141881369833,-0.5002397510893574,0,0,1,0,0,1
1,0,-0.8343275709807647,-0.49529104460318635,0,0,1,0,0,1
0,1,-1.5883220740765738,-0.05982903349378355,0,1,0,0,0,1
1,1,-2.1161182262436404,-0.2319667082568536,0,0,1,0,0,1
0,1,1.2768570376875008,0.9483340148992845,1,0,0,1,0,0
0,1,-0.30653141881369833,-0.49017322040145855,0,1,0,0,0,1
0,1,-0.9851264715999265,-0.12274485029315124,0,0,1,0,1,0
0,0,-0.5704294948972315,0.7540499726228369,0,0,1,0,0,1
0,1,0.8244603358300153,-0.028204020684680614,1,0,0,1,0,0
0,1,-0.30653141881369833,-0.48723782005286725,0,0,1,0,0,1
0,1,0.7490608855204345,-0.38447464817852084,0,0,1,0,1,0
1,0,1.5030553886162437,-0.12417027103855768,0,0,1,1,0,0
1,0,0.14586528304378713,-0.4713830342194266,0,0,1,0,0,1
0,1,0.07046583273420623,-0.500658518765974,1,0,0,0,0,1
0,0,0.07046583273420623,-0.15999101383837694,0,0,1,0,0,1
0,1,0.3720636339725299,-0.38447464817852084,0,0,1,0,1,0
1,0,0.14586528304378713,-0.11771158494920184,0,0,1,0,1,0
1,1,-1.3621237231478311,1.769762919031829,0,0,1,1,0,0
1,1,-2.159849907423197,-0.4747372022446345,1,0,0,0,0,1
1,1,-0.1557325181945365,-0.5057763429677017,0,0,1,0,0,1
0,1,0.14586528304378713,-0.48966989386706367,0,0,1,0,0,1
0,1,0.7490608855204345,-0.6462044460638905,0,0,1,1,0,0
0,0,-0.8343275709807647,-0.48966989386706367,0,0,1,0,0,1
0,1,0.7490608855204345,-0.38447464817852084,0,0,1,0,1,0
1,0,0.29666418366294894,0.4228611129909654,0,0,1,1,0,0
0,1,-0.23113196850411744,-0.4874049244622864,0,0,1,0,0,1
0,1,0.7490608855204345,-0.15999101383837694,0,0,1,0,0,1
0,1,0.4474630842821108,-0.434807301618015,0,0,1,0,1,0
0,0,-1.7391209746957357,-0.016542951535818605,0,0,1,0,0,1
0,1,0.10816555788899668,-0.4841333019887193,0,0,1,0,0,1
0,1,0.8244603358300153,-0.6462044460638905,0,0,1,1,0,0
0,0,-0.4573303194328602,-0.48664993466069395,0,0,1,0,0,1
0,1,0.14586528304378713,0.09880338369840133,1,0,0,0,1,0
0,1,1.0506586867587582,-0.5163462001899956,0,0,1,0,0,1
0,1,-1.437523173457412,-0.08449203367913571,0,0,1,0,0,1
1,0,1.7292537395449863,1.236236792573191,0,0,1,1,0,0
1,1,-0.1557325181945365,-0.4718018018960432,0,0,1,0,0,1
0,1,0.6736614352108535,-0.6462044460638905,0,0,1,1,0,0
1,0,-0.1557325181945365,-0.3950445054008146,0,0,1,0,0,1
0,1,-2.0407187759340593,0.15282642728807924,0,0,1,0,0,1
0,1,-0.30653141881369833,-0.5062796695020967,0,1,0,0,0,1
0,1,-0.30653141881369833,0.4912289628108992,0,0,1,0,0,1
1,1,-2.1161182262436404,0.09880338369840133,1,0,0,0,1,0
1,1,-0.30653141881369833,-0.49017322040145855,0,1,0,0,0,1
1,0,-1.0605259219095076,-0.3551971503258359,1,0,0,0,0,1
1,1,-2.128936132796269,-0.2687095452676843,0,0,1,0,1,0
0,1,-0.30653141881369833,-0.500658518765974,1,0,0,0,0,1
0,1,-0.4573303194328602,-0.4880753554061005,0,0,1,0,0,1
0,1,-0.8343275709807647,-0.47910003664476986,0,0,1,0,0,1
1,0,0.7490608855204345,1.0280267117431041,1,0,0,1,0,0
0,1,-0.608129220052022,-0.4718018018960432,0,0,1,0,0,1
0,1,-0.30653141881369833,-0.4841333019887193,0,0,1,0,0,1
1,1,0.22126473335336805,0.4912289628108992,0,0,1,0,0,1
1,1,0.8244603358300153,-0.04825252320269991,1,0,0,1,0,0
0,1,-0.6835286703616029,-0.48664993466069395,0,0,1,0,0,1
0,1,-0.9851264715999265,-0.434807301618015,0,0,1,0,1,0
1,0,0.07046583273420623,-0.022079543414162937,1,0,0,1,0,0
0,1,0.4097633591273203,-0.516597863457193,1,0,0,0,0,1
0,1,-0.9097270212903457,-0.4718018018960432,0,0,1,0,0,1
0,1,0.9752592364491772,-0.4941998326766181,0,0,1,0,0,1
0,1,-0.30653141881369833,0.7540499726228369,0,0,1,0,0,1
0,1,0.4474630842821108,-0.48723782005286725,1,0,0,0,0,1
0,1,-0.0803330678849556,0.01818657933743239,0,0,1,0,1,0
1,0,0.4474630842821108,1.1477358813774596,1,0,0,1,0,0
0,1,-1.8899198753148976,-0.016542951535818605,0,0,1,0,0,1
0,1,3.3880416463557665,-0.48966989386706367,0,0,1,0,0,1
0,0,-1.5129226237669928,-0.33925981894075447,1,0,0,0,0,1
1,0,-0.9851264715999265,0.1470381721425374,0,0,1,1,0,0
0,0,1.126058137068339,-0.12274485029315124,0,0,1,0,1,0
1,0,-0.8343275709807647,-0.4579603222001823,0,0,1,0,0,1
1,0,1.2014575873779199,2.67306694386133,0,0,1,1,0,0
1,1,1.6538542892354053,-0.11167166653646252,0,0,1,1,0,0
1,0,-0.3819308691232792,-0.25847591017036636,1,0,0,0,0,1
0,1,-0.30653141881369833,-0.500658518765974,1,0,0,0,0,1
0,1,0.8998597861395963,-0.3621611762557243,0,0,1,0,0,1
0,1,-0.608129220052022,-0.41467424024221733,0,0,1,0,1,0
1,0,1.4276559383066627,-0.12417027103855768,0,0,1,1,0,0
0,0,-0.5704294948972315,0.7540499726228369,0,0,1,0,0,1
0,1,-0.3819308691232792,-0.38447464817852084,0,0,1,0,1,0
1,0,0.9752592364491772,-0.38447464817852084,0,0,1,0,1,0
1,0,-0.1557325181945365,-0.36719444159967374,1,0,0,0,1,0
0,1,0.14586528304378713,0.37043059455611316,0,0,1,1,0,0
0,1,-0.30653141881369833,-0.4549403629938127,0,0,1,0,0,1
1,1,-1.8899198753148976,-0.4220570338487224,0,0,1,0,0,1
0,1,-0.23113196850411744,-0.48723782005286725,0,0,1,0,0,1
1,0,1.3522564879970818,0.41187248809205507,0,0,1,1,0,0
0,1,0.29666418366294894,-0.5455391391849022,0,0,1,1,0,0
0,1,1.3522564879970818,-0.4650068936817115,0,0,1,0,0,1
1,0,-0.0803330678849556,-0.16301097304474657,1,0,0,0,1,0
1,0,-1.0605259219095076,-0.5007430776237524,1,0,0,0,0,1
0,1,-0.6835286703616029,-0.44797835037006184,0,0,1,0,0,1
0,1,-0.7589281206711838,-0.48723782005286725,0,0,1,0,0,1
0,1,-0.30653141881369833,-0.48723782005286725,0,0,1,0,0,1
1,0,2.03085154078331,1.0280267117431041,1,0,0,1,0,0
1,0,-0.30653141881369833,-0.12274485029315124,0,0,1,0,1,0
0,1,0.29666418366294894,-0.48723782005286725,0,0,1,0,0,1
0,0,-0.532729769742441,-0.4344710794930392,0,0,1,0,0,1
0,1,-0.0803330678849556,-0.434807301618015,0,0,1,0,1,0
0,1,-0.30653141881369833,-0.5042663633645169,0,0,1,0,0,1
0,0,0.7490608855204345,-0.05982903349378355,0,1,0,0,0,1
0,1,-0.1557325181945365,-0.38447464817852084,0,0,1,0,1,0
1,0,-0.7589281206711838,-0.0422126047899606,0,0,1,1,0,0
0,0,-0.5704294948972315,-0.1740841568014353,0,0,1,0,0,1
1,1,-0.23113196850411744,-0.0422126047899606,1,0,0,1,0,0
0,1,0.22126473335336805,-0.49017322040145855,0,1,0,0,0,1
